site,name,employer,location,salary_min,salary_max,salary_currency,link
hh.ru,"Python-разработчик (Django, DRF)",ООО Фабрика Решений,,60000,150000,руб,https://sosnovoborsk.hh.ru/vacancy/39736489
hh.ru,Python Middle разработчик,AppEvent,,100000,130000,руб,https://sosnovoborsk.hh.ru/vacancy/70167801
hh.ru,Python разработчик,Домклик,,,,,https://sosnovoborsk.hh.ru/vacancy/68077706
hh.ru,"Программист Python, удаленно",Кадровое агентство ЕВА,,170000,,руб,https://sosnovoborsk.hh.ru/vacancy/69908838
hh.ru,Программист Python,Pentestit,,,,,https://sosnovoborsk.hh.ru/vacancy/69982059
hh.ru,Python Developer,ООО Пазл Групп,,150000,,руб,https://sosnovoborsk.hh.ru/vacancy/70342740
hh.ru,Программист Python (Senior),"Смарт Текнолоджис,ООО",,300000,,руб,https://sosnovoborsk.hh.ru/vacancy/69869831
hh.ru,Backend-разработчик Python middle+ / senior,БАРАНКА,,280000,340000,руб,https://sosnovoborsk.hh.ru/vacancy/69733791
hh.ru,"Python Django разработчик, удаленно",эдмин,,150000,200000,руб,https://sosnovoborsk.hh.ru/vacancy/69308348
hh.ru,Python Developer (Remote),ООО АСД Технолоджиз,,200000,350000,руб,https://sosnovoborsk.hh.ru/vacancy/69245657
hh.ru,Python Developer (Remote),ООО АСД Технолоджиз,,200000,350000,руб,https://sosnovoborsk.hh.ru/vacancy/69245658
hh.ru,Python разработчик,ANCOR,,,,,https://sosnovoborsk.hh.ru/vacancy/69988089
hh.ru,Python-разработчик в R&D отдел,ООО Селфсек,,100000,150000,руб,https://sosnovoborsk.hh.ru/vacancy/49299311
hh.ru,Python-разработчик,ООО ДЖАСТ ВОРК,,120000,190000,руб,https://sosnovoborsk.hh.ru/vacancy/70228011
hh.ru,Python-разработчик систем сбора,ООО Селфсек,,100000,150000,руб,https://sosnovoborsk.hh.ru/vacancy/49299293
hh.ru,Python разработчик (личный кабинет пользователя),ООО Ритм,,,,,https://sosnovoborsk.hh.ru/vacancy/70178817
hh.ru,"Python Django разработчик, удаленно",эдмин,,150000,200000,руб,https://sosnovoborsk.hh.ru/vacancy/69308350
hh.ru,Python Developer (Remote),ООО АСД Технолоджиз,,200000,350000,руб,https://sosnovoborsk.hh.ru/vacancy/69245659
hh.ru,Middle Python разработчик (удаленно),ООО Каналсервис,,100000,120000,руб,https://sosnovoborsk.hh.ru/vacancy/69385666
hh.ru,Middle BackEnd разработчик (Python),ООО Верме,,,,,https://sosnovoborsk.hh.ru/vacancy/69604543
hh.ru,Python/Django разработчик,Группа Самолет,,,,,https://sosnovoborsk.hh.ru/vacancy/69991945
hh.ru,"Python Django разработчик, удаленно",эдмин,,150000,200000,руб,https://sosnovoborsk.hh.ru/vacancy/69308347
hh.ru,Программист Python NLP SpaCy,ООО Столичный Деловой Клуб,,200000,,руб,https://sosnovoborsk.hh.ru/vacancy/70348691
hh.ru,Python backend developer (middle),ООО МКК Папазайм,,,200000,руб,https://sosnovoborsk.hh.ru/vacancy/69904506
hh.ru,Разработчик Python (по написанию парсеров),ООО Maxima,,,,,https://sosnovoborsk.hh.ru/vacancy/70395301
hh.ru,"Python Django разработчик, удаленно",эдмин,,150000,200000,руб,https://sosnovoborsk.hh.ru/vacancy/69308349
hh.ru,Администратор Linux/разработчик Python,ООО Сервионика,,,,,https://sosnovoborsk.hh.ru/vacancy/70407084
hh.ru,Python Senior / TechLead,Spice Agency,,,400000,руб,https://sosnovoborsk.hh.ru/vacancy/67906505
hh.ru,Middle/Senior Python разработчик (удаленно),StormWall™,,,250000,руб,https://sosnovoborsk.hh.ru/vacancy/69896075
hh.ru,"Python-разработчик (middle), удаленно",ООО Транспарент Дил,,,,,https://sosnovoborsk.hh.ru/vacancy/69951210
hh.ru,Middle/Middle+ Backend Developer (Python),Funduck,,150000,200000,руб,https://sosnovoborsk.hh.ru/vacancy/69569674
hh.ru,Специалист по тестированию АФТ (Python),ООО ИЦ АЙ-ТЕКО,,,,,https://sosnovoborsk.hh.ru/vacancy/70340197
hh.ru,Python developer,EX CORP.,,,,,https://sosnovoborsk.hh.ru/vacancy/69774571
hh.ru,"Data Engineer (Python), remote",Wise Wolves Group,,,,,https://sosnovoborsk.hh.ru/vacancy/70172156
hh.ru,Fullstack техлид (Python),Russian Quantum Center,,250000,450000,руб,https://sosnovoborsk.hh.ru/vacancy/69700470
hh.ru,Python Developer (Middle+),Karta.,,,4000,USD,https://sosnovoborsk.hh.ru/vacancy/69576307
hh.ru,Старший Python разработчик,Enjoypro,,180000,250000,руб,https://sosnovoborsk.hh.ru/vacancy/69389202
hh.ru,Python разработчик (дистанционно),Programming Store,,,200000,руб,https://sosnovoborsk.hh.ru/vacancy/70194277
hh.ru,Программист Python,Humans,,180000,,руб,https://sosnovoborsk.hh.ru/vacancy/70062000
hh.ru,"Разработчик Python (Django, DFR)",INNOVA GROUP,,200000,,руб,https://sosnovoborsk.hh.ru/vacancy/69163405
hh.ru,Fullstack Python-разработчик,SmartC,,150000,200000,руб,https://sosnovoborsk.hh.ru/vacancy/69604920
hh.ru,Python Developer,ООО Axenix (ранее Accenture),,,,,https://sosnovoborsk.hh.ru/vacancy/68894704
hh.ru,Ведущий Python разработчик,"билайн: ИТ, Data, Digital",,,,,https://sosnovoborsk.hh.ru/vacancy/69984876
hh.ru,Automation QA (Java\Python),ООО Рукс Солюшенс,,180000,280000,руб,https://sosnovoborsk.hh.ru/vacancy/69370542
hh.ru,Backend разработчик (Python),АО ИОТ,,150000,,руб,https://sosnovoborsk.hh.ru/vacancy/67764198
hh.ru,Python Backend Developer (Middle/Remote),JetLend,,,250000,руб,https://sosnovoborsk.hh.ru/vacancy/70080658
hh.ru,Python (Django ORM) разработчик,Группа Самолет,,,,,https://sosnovoborsk.hh.ru/vacancy/68336916
hh.ru,Специалист по автотестированию (Python),Ростелеком-Солар,,,,,https://sosnovoborsk.hh.ru/vacancy/70309990
hh.ru,Fullstack Python-разработчик,SmartC,,150000,200000,руб,https://sosnovoborsk.hh.ru/vacancy/69604918
hh.ru,Fullstack Python-разработчик,SmartC,,150000,200000,руб,https://sosnovoborsk.hh.ru/vacancy/69604919
hh.ru,Ведущий разработчик Python,Сфера,,240000,,руб,https://sosnovoborsk.hh.ru/vacancy/69976451
hh.ru,Ведущий разработчик Python,ADV/web-engineering,,,,,https://sosnovoborsk.hh.ru/vacancy/70348684
hh.ru,Разработчик python (Middle/Senior),Eqvanta,,,,,https://sosnovoborsk.hh.ru/vacancy/69331999
hh.ru,Python-разработчик,Star-Staff,,,250000,руб,https://sosnovoborsk.hh.ru/vacancy/69959493
hh.ru,Python/Django Developer (HR платформа),Группа Самолет,,,,,https://sosnovoborsk.hh.ru/vacancy/69304376
hh.ru,Senior Python developer,"Hi, Rockits!",,,7000,USD,https://sosnovoborsk.hh.ru/vacancy/70094842
hh.ru,Full-stack разработчик (Python/JS),Enjoypro,,,220000,руб,https://sosnovoborsk.hh.ru/vacancy/69430786
hh.ru,Middle/Senior Python Developer,ООО МВП,,,250000,руб,https://sosnovoborsk.hh.ru/vacancy/69054293
hh.ru,Преподаватель по программированию в онлайн-школе (Python в Minecraft),ООО Айтигенио,,,70000,руб,https://sosnovoborsk.hh.ru/vacancy/69755577
hh.ru,"Data Engineer (Python), remote",Wise Wolves Group,,,,,https://sosnovoborsk.hh.ru/vacancy/70195952
hh.ru,"Data Engineer (Python), remote",Wise Wolves Group,,,,,https://sosnovoborsk.hh.ru/vacancy/70195991
hh.ru,Python-программист (отдел автоматизированного тестирования),GetCoreTeam.com,,30000,50000,руб,https://sosnovoborsk.hh.ru/vacancy/69894489
hh.ru,Python программист (Наставник онлайн-курса по Python),Hexlet,,,80000,руб,https://sosnovoborsk.hh.ru/vacancy/67864415
hh.ru,Наставник курсов по Python разработке,Skyeng,,40000,80000,руб,https://sosnovoborsk.hh.ru/vacancy/70165691
hh.ru,Python Developer (CRM),"Emerging Travel Group (Ostrovok.ru, B2B.Ostrovok, RateHawk, ZenHotels)",,,,,https://sosnovoborsk.hh.ru/vacancy/68058800
hh.ru,Руководитель Backend разработки (Python),Группа Самолет,,,,,https://sosnovoborsk.hh.ru/vacancy/70152181
hh.ru,Python Developer в команду тестирования,Tradetech Development,,,,,https://sosnovoborsk.hh.ru/vacancy/69045414
hh.ru,Senior Python разработчик,Enjoypro,,,250000,руб,https://sosnovoborsk.hh.ru/vacancy/69615484
hh.ru,Разработчик python (Middle/Senior),Eqvanta,,,,,https://sosnovoborsk.hh.ru/vacancy/69332000
hh.ru,Код-ревьюер на курс “Асинхронное программирование на Python”,Яндекс Практикум,,,,,https://sosnovoborsk.hh.ru/vacancy/70337221
hh.ru,Senior backend - разработчик на python,ООО Фуллстатс,,,,,https://sosnovoborsk.hh.ru/vacancy/69869791
hh.ru,Team Lead Python,Группа Самолет,,,,,https://sosnovoborsk.hh.ru/vacancy/69577881
hh.ru,"Старший Python Developer (Django), проекты в строительной сфере",Группа Самолет,,,,,https://sosnovoborsk.hh.ru/vacancy/69416439
hh.ru,Senior Python разработчик,Домклик,,,,,https://sosnovoborsk.hh.ru/vacancy/68918046
hh.ru,Разработчик Python под Linux,ООО Айдеко,,120000,,руб,https://sosnovoborsk.hh.ru/vacancy/38348123
hh.ru,Руководитель разработки (ТехЛид) Python/Django,Группа Самолет,,,,,https://sosnovoborsk.hh.ru/vacancy/69841981
hh.ru,Data Engineer(Python),АНО ЦИСМ,,,,,https://sosnovoborsk.hh.ru/vacancy/69908642
hh.ru,Наставник на курс “Асинхронное программирование на Python”,Яндекс Практикум,,,,,https://sosnovoborsk.hh.ru/vacancy/70337844
hh.ru,QA Automation (Python),Группа Самолет,,,,,https://sosnovoborsk.hh.ru/vacancy/69417621
hh.ru,Python Developer,ООО Axenix (ранее Accenture),,,,,https://sosnovoborsk.hh.ru/vacancy/69864652
hh.ru,Lead Python Developer / Ведущий разработчик Python,ООО Retail Rocket,,,,,https://sosnovoborsk.hh.ru/vacancy/69667539
hh.ru,Python Developer,ЕДИНЫЙ ЦУПИС,,,,,https://sosnovoborsk.hh.ru/vacancy/51099029
hh.ru,Team Lead/Senior Python Developer (remote),BestDoctor,,300000,,руб,https://sosnovoborsk.hh.ru/vacancy/69859260
hh.ru,Senior Python (Django) разработчик,Группа Самолет,,,,,https://sosnovoborsk.hh.ru/vacancy/69035681
hh.ru,FullStack QA Engineer (Python),ООО Защищенные Телекоммуникации,,,,,https://sosnovoborsk.hh.ru/vacancy/69362768
hh.ru,"Автор / Преподаватель курса ""Аналитик данных на Python"" (Онлайн)",Level UP,,,,,https://sosnovoborsk.hh.ru/vacancy/70414728
hh.ru,Middle+ backend python,Stroyportal.ru - интернет-площадка,,,,,https://sosnovoborsk.hh.ru/vacancy/70089365
hh.ru,Senior Python Developer (Django),Группа Самолет,,,,,https://sosnovoborsk.hh.ru/vacancy/70328122
hh.ru,Python middle+ developer,Stroyportal.ru - интернет-площадка,,,,,https://sosnovoborsk.hh.ru/vacancy/70089376
hh.ru,Backend - разработчик Python (удаленная работа),BFG Group,,,,,https://sosnovoborsk.hh.ru/vacancy/68889796
hh.ru,Senior Python/Django разработчик,Группа Самолет,,,,,https://sosnovoborsk.hh.ru/vacancy/69542539
hh.ru,Python Developer,"Hi, Rockits!",,,300000,руб,https://sosnovoborsk.hh.ru/vacancy/69867626
hh.ru,Backend разработчик (Python),"РУСАЛ, Центр подбора персонала",,,,,https://sosnovoborsk.hh.ru/vacancy/69747451
hh.ru,Senior BackEnd разработчик (Python),ООО Верме,,,,,https://sosnovoborsk.hh.ru/vacancy/70112152
hh.ru,Backend developer (Python) Middle,АО Гринатом,,,240500,руб,https://sosnovoborsk.hh.ru/vacancy/69719603
hh.ru,Python разработчик (Middle),ООО Лаборатория Наносемантика,,,,,https://sosnovoborsk.hh.ru/vacancy/70019760
hh.ru,Python разработчик (дистанционно),Programming Store,,,200000,руб,https://sosnovoborsk.hh.ru/vacancy/55590159
hh.ru,"Автор / Преподаватель курса ""Автоматизация тестирования ПО на языке Python"" (Онлайн)",Level UP,,,,,https://sosnovoborsk.hh.ru/vacancy/70413748
hh.ru,Senior Python developer (MLOps),Wisebits,,3500,,EUR,https://sosnovoborsk.hh.ru/vacancy/55856392
hh.ru,Python Developer,ООО ИЦ АЙ-ТЕКО,,,,,https://sosnovoborsk.hh.ru/vacancy/69683373
hh.ru,"Разработчик Python (Middle, Senior)",NGENIX,,,,,https://sosnovoborsk.hh.ru/vacancy/55088580
hh.ru,Python Developer,Компэл,,,,,https://sosnovoborsk.hh.ru/vacancy/69345269
hh.ru,Automation QA Engineer (Python),Prooftechit,,,,,https://sosnovoborsk.hh.ru/vacancy/69593573
hh.ru,Back-end разработчик (Python),ООО Юникорн,,,,,https://sosnovoborsk.hh.ru/vacancy/68599942
hh.ru,Наставник курсов по Python разработке,Skyeng,,40000,80000,руб,https://sosnovoborsk.hh.ru/vacancy/70165692
hh.ru,Senior Backend Python Developer со знанием С++ продукт Audiogramm (MTS AI),ПАО «МТС» ,,250000,,руб,https://sosnovoborsk.hh.ru/vacancy/49254587
hh.ru,Python developer,INSITECH Development,,,,,https://sosnovoborsk.hh.ru/vacancy/69711587
hh.ru,Python-разработчик,ООО ДЖАСТ ВОРК,,120000,190000,руб,https://sosnovoborsk.hh.ru/vacancy/69484199
hh.ru,Python back-end разработчик,ООО ПромоДата,,100000,,руб,https://sosnovoborsk.hh.ru/vacancy/68610452
hh.ru,Python developer (проект с нуля),ООО Константа,,170000,,руб,https://sosnovoborsk.hh.ru/vacancy/48725584
hh.ru,Middle Python Backend Developer (remote/full time),ООО ЛегоКар,,,200000,руб,https://sosnovoborsk.hh.ru/vacancy/69342551
hh.ru,Python developer,INSITECH Development,,,,,https://sosnovoborsk.hh.ru/vacancy/69711588
hh.ru,Разработчик Python/Django (Middle / Senior) (аккредитованная IT-компания),AlfaBit.Group,,200000,350000,руб,https://sosnovoborsk.hh.ru/vacancy/69612685
hh.ru,Python-разработчик,Клиника Мпрофико,,,,,https://sosnovoborsk.hh.ru/vacancy/69649335
hh.ru,Python developer,ООО Либерти,,150000,220000,руб,https://sosnovoborsk.hh.ru/vacancy/69492914
hh.ru,Data-аналитик Python,ФАНУ Востокгосплан,,100000,120000,руб,https://sosnovoborsk.hh.ru/vacancy/69590411
hh.ru,Python-разработчик (Django),MST,,,175000,руб,https://sosnovoborsk.hh.ru/vacancy/69694383
hh.ru,Разработчик Python Middle/Senior,Кадровый холдинг ПРОФИЛЬ,,350000,,руб,https://sosnovoborsk.hh.ru/vacancy/69501064
hh.ru,Lead Python Developer,BestDoctor,,300000,,руб,https://sosnovoborsk.hh.ru/vacancy/69859275
hh.ru,Senior Python Developer,GRI,,,350000,руб,https://sosnovoborsk.hh.ru/vacancy/42615019
hh.ru,Junior+ Python разработчик,Sibdev,,80000,120000,руб,https://sosnovoborsk.hh.ru/vacancy/69337199
hh.ru,Python разработчик (Django),АО РТ Лабс,,,,,https://sosnovoborsk.hh.ru/vacancy/69629142
hh.ru,Python developer,ООО АЙТИ.СПЕЙС,,180000,200000,руб,https://sosnovoborsk.hh.ru/vacancy/68030307
hh.ru,Senior Python разработчик,ANABAR,,,,,https://sosnovoborsk.hh.ru/vacancy/69250619
hh.ru,Python developer,INSITECH Development,,,,,https://sosnovoborsk.hh.ru/vacancy/69711589
hh.ru,Инженер-программист Python,ООО Айдеко,,,,,https://sosnovoborsk.hh.ru/vacancy/67029599
hh.ru,Программист Python,ООО Эйч-Эль-Эль,,,,,https://sosnovoborsk.hh.ru/vacancy/69592160
hh.ru,Python-разработчик (команда Scrooge),"VK, Цифровые технологии",,,,,https://sosnovoborsk.hh.ru/vacancy/67710064
hh.ru,Python Developer,Improvado,,,,,https://sosnovoborsk.hh.ru/vacancy/68929792
hh.ru,Senior backend developer (Python),Skipp.pro,,,,,https://sosnovoborsk.hh.ru/vacancy/69670516
hh.ru,Python developer,INSITECH Development,,,,,https://sosnovoborsk.hh.ru/vacancy/69711590
hh.ru,Ведущий Python разработчик,IT and Digital,,6500,,USD,https://sosnovoborsk.hh.ru/vacancy/69311231
hh.ru,Python Backend Developer (Senior/Remote),JetLend,,,300000,руб,https://sosnovoborsk.hh.ru/vacancy/69700725
hh.ru,Software engineer (Python),"Hi, Rockits!",,300000,500000,руб,https://sosnovoborsk.hh.ru/vacancy/68526108
hh.ru,"Python developer, удаленно",«РОСБАНК»,,,,,https://sosnovoborsk.hh.ru/vacancy/69589057
hh.ru,Разработчик Python,Bell Integrator,,,,,https://sosnovoborsk.hh.ru/vacancy/69418840
hh.ru,Python Developer,"МАГНИТ, Розничная сеть",,,,,https://sosnovoborsk.hh.ru/vacancy/69375127
hh.ru,Team Lead/Senior Python Developer (remote),BestDoctor,,300000,,руб,https://sosnovoborsk.hh.ru/vacancy/68829981
hh.ru,Python Разработчик / Fastapi (удаленно),Т1 Интеграция,,,,,https://sosnovoborsk.hh.ru/vacancy/69369308
hh.ru,Разработчик Python,Bell Integrator,,,,,https://sosnovoborsk.hh.ru/vacancy/69352570
hh.ru,Разработчик Python,Тинькофф,,,,,https://sosnovoborsk.hh.ru/vacancy/69271201
hh.ru,Разработчик Python (backend),Первый Бит,,200000,350000,руб,https://sosnovoborsk.hh.ru/vacancy/69237409
hh.ru,Программист Python,LIFE PAY,,,,,https://sosnovoborsk.hh.ru/vacancy/69517956
hh.ru,Разработчик Python,Тинькофф,,,,,https://sosnovoborsk.hh.ru/vacancy/69271162
hh.ru,Python разработчик (Цифровой ассистент Робот Макс),АО РТ Лабс,,,,,https://sosnovoborsk.hh.ru/vacancy/67825460
hh.ru,Python разработчик (Middle / Senior),"X5 GROUP, Девелопмент",,,,,https://sosnovoborsk.hh.ru/vacancy/69245844
hh.ru,Python Backend Developer (Middle/Remote),JetLend,,,200000,руб,https://sosnovoborsk.hh.ru/vacancy/69425009
hh.ru,Python backend Middle/Senior developer,PENA,,,,,https://sosnovoborsk.hh.ru/vacancy/69278697
hh.ru,Team lead Python,ООО АЙТИ.СПЕЙС,,200000,210000,руб,https://sosnovoborsk.hh.ru/vacancy/68030700
hh.ru,QA Engineer Python (autotest),Finstar Financial Group,,120000,,руб,https://sosnovoborsk.hh.ru/vacancy/69272018
hh.ru,Преподаватель Python,"К Телеком,ООО",,,,,https://sosnovoborsk.hh.ru/vacancy/69772801
hh.ru,Python Developer (DWH),"Emerging Travel Group (Ostrovok.ru, B2B.Ostrovok, RateHawk, ZenHotels)",,,,,https://sosnovoborsk.hh.ru/vacancy/69454163
hh.ru,Python Developer,ЕВРАЗ. ИТ-специалисты,,,,,https://sosnovoborsk.hh.ru/vacancy/69537598
hh.ru,Автор проверочного кода (Python/C++) на курс С++ разработчик,Яндекс Практикум,,,,,https://sosnovoborsk.hh.ru/vacancy/68943742
hh.ru,Fullstack Python Developer,Nitka Technologies,,,,,https://sosnovoborsk.hh.ru/vacancy/69480968
hh.ru,Senior Python Developer (remote),BestDoctor,,250000,,руб,https://sosnovoborsk.hh.ru/vacancy/68653659
hh.ru,Middle Python Developer,ООО Открытые решения,,,,,https://sosnovoborsk.hh.ru/vacancy/69537015
hh.ru,Python developer (middle),ООО PEOPLE,,,,,https://sosnovoborsk.hh.ru/vacancy/69029158
hh.ru,Senior Python Developer (remote),BestDoctor,,250000,,руб,https://sosnovoborsk.hh.ru/vacancy/68653578
hh.ru,Senior Python Developer (remote),BestDoctor,,250000,,руб,https://sosnovoborsk.hh.ru/vacancy/68653604
hh.ru,Программист Python Senior,Работут,,,,,https://sosnovoborsk.hh.ru/vacancy/69420961
hh.ru,"Код-ревьюер курса ""Python-разработчик"" на backend-факультет",Яндекс Практикум,,,,,https://sosnovoborsk.hh.ru/vacancy/66899688
hh.ru,Python Developer (Extranet Team),"Emerging Travel Group (Ostrovok.ru, B2B.Ostrovok, RateHawk, ZenHotels)",,,,,https://sosnovoborsk.hh.ru/vacancy/69454225
hh.ru,Backend разработчик python,ПАО «Газпром нефть»,,,,,https://sosnovoborsk.hh.ru/vacancy/69286250
hh.ru,Backend разработчик python,ПАО «Газпром нефть»,,,,,https://sosnovoborsk.hh.ru/vacancy/69286252
hh.ru,Senior Python Developer (remote),BestDoctor,,250000,,руб,https://sosnovoborsk.hh.ru/vacancy/68653646
hh.ru,Teamlead Python,ООО Вита Смарт,,,,,https://sosnovoborsk.hh.ru/vacancy/69590930
hh.ru,Senior Python Developer (remote),BestDoctor,,250000,,руб,https://sosnovoborsk.hh.ru/vacancy/68653621
hh.ru,Senior Python Developer (remote),BestDoctor,,250000,,руб,https://sosnovoborsk.hh.ru/vacancy/68653590
hh.ru,Senior Python Developer (remote),BestDoctor,,250000,,руб,https://sosnovoborsk.hh.ru/vacancy/68653555
hh.ru,Python Developer,ICVR,,,,,https://sosnovoborsk.hh.ru/vacancy/69242604
hh.ru,Senior Python Developer (remote),BestDoctor,,250000,,руб,https://sosnovoborsk.hh.ru/vacancy/68653665
hh.ru,Backend разработчик python,ПАО «Газпром нефть»,,,,,https://sosnovoborsk.hh.ru/vacancy/69286251
hh.ru,Backend разработчик python,ПАО «Газпром нефть»,,,,,https://sosnovoborsk.hh.ru/vacancy/69286253
hh.ru,Python TeamLead,IBS,,,,,https://sosnovoborsk.hh.ru/vacancy/69313942
hh.ru,Senior/Middle Python разработчик,ООО Деньги Вперед,,,,,https://sosnovoborsk.hh.ru/vacancy/70348228
hh.ru,Senior Python-разработчик,"Hi, Rockits!",,,,,https://sosnovoborsk.hh.ru/vacancy/70216992
hh.ru,Backend-разработчик (Python)/Риск-менеджмент (Департамент управленческого консультирования),Деловые Решения и Технологии (ДРТ),,,,,https://sosnovoborsk.hh.ru/vacancy/70401965
hh.ru,Senior Python Разработчик / DevOps (PT Container Security),Positive Technologies,,,,,https://sosnovoborsk.hh.ru/vacancy/69775896
hh.ru,Middle / Senior Python developer,Techno Diasoft,,,,,https://sosnovoborsk.hh.ru/vacancy/69625290
hh.ru,Разработчик СУБД (C/Python),ООО Аренадата Софтвер,,,,,https://sosnovoborsk.hh.ru/vacancy/70030989
hh.ru,Lead Python разработчик,ООО Деньги Вперед,,,,,https://sosnovoborsk.hh.ru/vacancy/70348277
hh.ru,"Backend-разработчик (Python)/Риск-менеджмент, Департамент управленческого консультирования",Деловые Решения и Технологии (ДРТ),,,,,https://sosnovoborsk.hh.ru/vacancy/70401918
hh.ru,"Backend-разработчик (Python)/Риск-менеджмент, Департамент управленческого консультирования",Деловые Решения и Технологии (ДРТ),,,,,https://sosnovoborsk.hh.ru/vacancy/70401938
hh.ru,"Backend-разработчик (Python)/Риск-менеджмент, Департамент управленческого консультирования",Деловые Решения и Технологии (ДРТ),,,,,https://sosnovoborsk.hh.ru/vacancy/70401826
hh.ru,Разработчик СУБД (C/Python),ООО Аренадата Софтвер,,,,,https://sosnovoborsk.hh.ru/vacancy/70030988
hh.ru,Python Team Lead,Т1 Интеграция,,,,,https://sosnovoborsk.hh.ru/vacancy/69705612
hh.ru,Senior Python developer (Django),Kokoc Group,,,,,https://sosnovoborsk.hh.ru/vacancy/70365578
hh.ru,"Backend-разработчик (Python)/Риск-менеджмент, Департамент управленческого консультирования",Деловые Решения и Технологии (ДРТ),,,,,https://sosnovoborsk.hh.ru/vacancy/70401754
hh.ru,Senior Python Developer,"МАГНИТ, Розничная сеть",,,,,https://sosnovoborsk.hh.ru/vacancy/70041548
hh.ru,Senior Python developer (Django),Kokoc Group,,,,,https://sosnovoborsk.hh.ru/vacancy/70365652
hh.ru,Team Lead (Python),РБК,,,,,https://sosnovoborsk.hh.ru/vacancy/69498888
hh.ru,Senior Python Разработчик (PT Container Security),Positive Technologies,,,,,https://sosnovoborsk.hh.ru/vacancy/69775791
hh.ru,TeamLead / руководитель команды разработки (Python),"X5 GROUP, Tech",,,,,https://sosnovoborsk.hh.ru/vacancy/69894410
hh.ru,QA Automation engineer (python),ЛАЙФСТРИМ,,,,,https://sosnovoborsk.hh.ru/vacancy/69818579
hh.ru,Программист Python / Senior / Lead,"Риалвеб, Интернет-агентство",,,,,https://sosnovoborsk.hh.ru/vacancy/70017282
hh.ru,Senior Python Разработчик / DevOps (PT Container Security),Positive Technologies,,,,,https://sosnovoborsk.hh.ru/vacancy/69775897
hh.ru,Программист Python / Senior / Lead,"Риалвеб, Интернет-агентство",,,,,https://sosnovoborsk.hh.ru/vacancy/66192135
hh.ru,Senior Python developer (Django),Kokoc Group,,,,,https://sosnovoborsk.hh.ru/vacancy/70365651
hh.ru,Middle/Senior Auto QA (Python) инженер,Auriga,,,,,https://sosnovoborsk.hh.ru/vacancy/69296357
hh.ru,Python TeamLead (MTS AI),ПАО «МТС» ,,,,,https://sosnovoborsk.hh.ru/vacancy/69773399
hh.ru,Middle/Senior Auto QA (Python) инженер,Auriga,,,,,https://sosnovoborsk.hh.ru/vacancy/69296358
hh.ru,Middle/Senior Auto QA (Python) инженер,Auriga,,,,,https://sosnovoborsk.hh.ru/vacancy/69296359
hh.ru,Senior Python developer (удаленно),ТехноНИКОЛЬ,,,,,https://sosnovoborsk.hh.ru/vacancy/68613802
hh.ru,Senior Software engineer (Python),"Hi, Rockits!",,,,,https://sosnovoborsk.hh.ru/vacancy/69823794
hh.ru,Senior Python Разработчик / DevOps (PT Container Security),Positive Technologies,,,,,https://sosnovoborsk.hh.ru/vacancy/69775895
hh.ru,Senior Python Разработчик / DevOps (PT Container Security),Positive Technologies,,,,,https://sosnovoborsk.hh.ru/vacancy/69775898
hh.ru,Senior Python Разработчик (PT Container Security),Positive Technologies,,,,,https://sosnovoborsk.hh.ru/vacancy/69775792
hh.ru,Senior Python Developer в команду PIM-системы,СберМаркет,,,,,https://sosnovoborsk.hh.ru/vacancy/69577688
hh.ru,Senior/Lead Python-разработчик,Контур,,,,,https://sosnovoborsk.hh.ru/vacancy/69941481
hh.ru,Senior/Lead Python-разработчик,Контур,,,,,https://sosnovoborsk.hh.ru/vacancy/69941480
hh.ru,Senior/Lead Python-разработчик,Контур,,,,,https://sosnovoborsk.hh.ru/vacancy/69941310
hh.ru,Senior/Lead Python-разработчик,Контур,,,,,https://sosnovoborsk.hh.ru/vacancy/69941484
hh.ru,Senior/Lead Python-разработчик,Контур,,,,,https://sosnovoborsk.hh.ru/vacancy/69941486
hh.ru,Senior/Lead Python-разработчик,Контур,,,,,https://sosnovoborsk.hh.ru/vacancy/69941482
hh.ru,Senior/Lead Python-разработчик,Контур,,,,,https://sosnovoborsk.hh.ru/vacancy/69941487
hh.ru,Senior Python Developer (Extranet Team),"Emerging Travel Group (Ostrovok.ru, B2B.Ostrovok, RateHawk, ZenHotels)",,,,,https://sosnovoborsk.hh.ru/vacancy/70029182
hh.ru,Senior/Lead Python-разработчик,Контур,,,,,https://sosnovoborsk.hh.ru/vacancy/69941488
hh.ru,Senior/Lead Python-разработчик,Контур,,,,,https://sosnovoborsk.hh.ru/vacancy/69941485
hh.ru,Senior/Lead Python-разработчик,Контур,,,,,https://sosnovoborsk.hh.ru/vacancy/69941489
hh.ru,Разработчик СУБД (C/Python),ООО Аренадата Софтвер,,,,,https://sosnovoborsk.hh.ru/vacancy/70030991
hh.ru,Senior/Lead Python-разработчик,Контур,,,,,https://sosnovoborsk.hh.ru/vacancy/69941483
hh.ru,Senior/Lead Python-разработчик,Контур,,,,,https://sosnovoborsk.hh.ru/vacancy/69941479
hh.ru,Senior/Lead Python-разработчик,Контур,,,,,https://sosnovoborsk.hh.ru/vacancy/69941157
hh.ru,QA automation engineer (Python),ООО САЙБЕРЛИМФА,,,,,https://sosnovoborsk.hh.ru/vacancy/69678610
hh.ru,"QA Engineer Automation / Автоматизатор (Python, Appium)","EGAR TECHNOLOGY, INC.",,,,,https://sosnovoborsk.hh.ru/vacancy/70086071
hh.ru,Senior Python Developer в международную компанию о здоровье,Welltory,,,,,https://sosnovoborsk.hh.ru/vacancy/68517436
hh.ru,Разработчик СУБД (C/Python),ООО Аренадата Софтвер,,,,,https://sosnovoborsk.hh.ru/vacancy/70030990
hh.ru,Senior Python developer (remote/Serbia),ROKO Labs,,,,,https://sosnovoborsk.hh.ru/vacancy/70346926
hh.ru,Python Devops (DSCore),Домклик,,,,,https://sosnovoborsk.hh.ru/vacancy/68610429
hh.ru,Team Lead Python Developer HR TECH,АО Гринатом,,,,,https://sosnovoborsk.hh.ru/vacancy/67620570
hh.ru,Senior Python developer (remote/Serbia),ROKO Labs,,,,,https://sosnovoborsk.hh.ru/vacancy/70083295
hh.ru,Senior/Middle QA specialist (ручное / автотесты) Python,ProfiStaff,,200000,255000,руб,https://sosnovoborsk.hh.ru/vacancy/68292342
hh.ru,Разработчик ETL/Airflow/Python (RWA),"Иннотех, Группа компаний",,,,,https://sosnovoborsk.hh.ru/vacancy/68922284
hh.ru,Senior/Middle QA specialist (ручное / автотесты) Python,ProfiStaff,,200000,255000,руб,https://sosnovoborsk.hh.ru/vacancy/68292341
hh.ru,Middle Python developer (remote),ООО Анлимитед Продакшен,,,,,https://sosnovoborsk.hh.ru/vacancy/69792011
hh.ru,Team Lead (Python),Tradetech Development,,,,,https://sosnovoborsk.hh.ru/vacancy/69594554
hh.ru,Fullstack developer (Python),Группа НЛМК,,,,,https://sosnovoborsk.hh.ru/vacancy/68783591
hh.ru,Senior/Lead Python-разработчик,Контур,,,,,https://sosnovoborsk.hh.ru/vacancy/69900127
hh.ru,Senior/Lead Python-разработчик,Контур,,,,,https://sosnovoborsk.hh.ru/vacancy/69900109
hh.ru,Senior/Lead Python-разработчик,Контур,,,,,https://sosnovoborsk.hh.ru/vacancy/69900006
hh.ru,Senior Python Разработчик (PT Container Security),Positive Technologies,,,,,https://sosnovoborsk.hh.ru/vacancy/69775793
hh.ru,Senior Python Разработчик (PT Container Security),Positive Technologies,,,,,https://sosnovoborsk.hh.ru/vacancy/69775790
hh.ru,Data engineer (Python Hadoop Spark),"X5 GROUP, Девелопмент",,,,,https://sosnovoborsk.hh.ru/vacancy/69791866
hh.ru,"Инженер по автоматизации тестирования GO/Python (Путешествия,Travel)",Ozon Информационные технологии,,,,,https://sosnovoborsk.hh.ru/vacancy/68429662
hh.ru,Senior Python developer,Nitka Technologies,,,,,https://sosnovoborsk.hh.ru/vacancy/69251114
hh.ru,QA Automation Engineer Python/Автотестировщик,Лига Цифровой Экономики,,,,,https://sosnovoborsk.hh.ru/vacancy/68820590
hh.ru,"Инженер по автоматизации тестирования GO, Python (Маркетинговая платформа, Путь совершения покупки)",Ozon Информационные технологии,,,,,https://sosnovoborsk.hh.ru/vacancy/69754542
hh.ru,"Senior Python разработчик (Госуслуги, цифровой ассистент)",АО РТ Лабс,,,,,https://sosnovoborsk.hh.ru/vacancy/69626610
hh.ru,Senior Python developer,ПАО ТрансКонтейнер,,,,,https://sosnovoborsk.hh.ru/vacancy/50923918
hh.ru,"SDET (Python, Kaspersky Container Security)",Лаборатория Касперского,,,,,https://sosnovoborsk.hh.ru/vacancy/66734300
hh.ru,Senior Python Developer Центр HR TECH,АО Гринатом,,,,,https://sosnovoborsk.hh.ru/vacancy/68553752
hh.ru,"Инженер по автоматизации тестирования Python, Маркетплейс, Полигоны доставки",Ozon Информационные технологии,,,,,https://sosnovoborsk.hh.ru/vacancy/69313622
hh.ru,Automation QA (Python),Auriga,,,,,https://sosnovoborsk.hh.ru/vacancy/69296356
hh.ru,Golang/Python developer,WILDBERRIES,,,,,https://sosnovoborsk.hh.ru/vacancy/69734305
hh.ru,Automation QA (Python),Auriga,,,,,https://sosnovoborsk.hh.ru/vacancy/69296355
hh.ru,Python developer team lead,SAPRUN,,,,,https://sosnovoborsk.hh.ru/vacancy/69579073
hh.ru,QA Automation Engineer (Python),"Иннотех, Группа компаний",,,,,https://sosnovoborsk.hh.ru/vacancy/69426813
hh.ru,Automation QA (Python),Auriga,,,,,https://sosnovoborsk.hh.ru/vacancy/69296354
hh.ru,Senior Python Developer (Partners),"Emerging Travel Group (Ostrovok.ru, B2B.Ostrovok, RateHawk, ZenHotels)",,,,,https://sosnovoborsk.hh.ru/vacancy/69474938
hh.ru,"Старший инженер по автоматизации тестирования Python, ERP и учётные системы",Ozon Информационные технологии,,,,,https://sosnovoborsk.hh.ru/vacancy/67398254
hh.ru,"Инженер по автоматизации тестирования Python (Аутентификация и данные пользователя, OzonID)",Ozon Информационные технологии,,,,,https://sosnovoborsk.hh.ru/vacancy/69428114
hh.ru,Senior python разработчик backend / team lead (удаленно),MindSet,,,,,https://sosnovoborsk.hh.ru/vacancy/69577734
hh.ru,Full stack QA specialist (Python),АО ФИНАМ,,,,,https://sosnovoborsk.hh.ru/vacancy/68502283
hh.ru,Python Developer (стажер),Blockchain Solutions,,,,,https://sosnovoborsk.hh.ru/vacancy/70402495
hh.ru,Back-end Developer Python3 (Junior/Junior+),ООО Бария,,,,,https://sosnovoborsk.hh.ru/vacancy/69548861
hh.ru,Онлайн ассистент Python (удалённо),ЧУ ДО Московская школа программистов,,30000,,руб,https://sosnovoborsk.hh.ru/vacancy/70339674
hh.ru,Программист Python,ООО ИММО,,,,,https://sosnovoborsk.hh.ru/vacancy/70146917
hh.ru,Python программист (Удаленно),ГК Медси. Управляющая компания,,,100000,руб,https://sosnovoborsk.hh.ru/vacancy/70208173
hh.ru,Python (Django) разработчик,Dinord,,,,,https://sosnovoborsk.hh.ru/vacancy/70207955
hh.ru,Программист Python,Ужин Дома,,,,,https://sosnovoborsk.hh.ru/vacancy/69577225
hh.ru,Junior Full Stack Web-разработчик (Python),Standfin,,,,,https://sosnovoborsk.hh.ru/vacancy/69869982
hh.ru,Software Developer Python,ООО ВЕБ Инфраструктура,,60000,200000,руб,https://sosnovoborsk.hh.ru/vacancy/69909910
hh.ru,"Full Stack Developer (Python, JS)","МАГНИТ, Розничная сеть",,,,,https://sosnovoborsk.hh.ru/vacancy/68699159
hh.ru,Программист Python Junior (Jun-Mid),SocialJet,,90000,120000,руб,https://sosnovoborsk.hh.ru/vacancy/69781404
hh.ru,"Web Developer (Python, JavaScript)","МАГНИТ, Розничная сеть",,,,,https://sosnovoborsk.hh.ru/vacancy/67747134
hh.ru,Junior+/ Middle Python разработчик,CiPlay,,40000,100000,руб,https://sosnovoborsk.hh.ru/vacancy/69597154
hh.ru,Программист Python,ООО Электронная медицина,,50000,200000,руб,https://sosnovoborsk.hh.ru/vacancy/49488972
hh.ru,Python developer,ООО «Баланс-Платформа»,,,,,https://sosnovoborsk.hh.ru/vacancy/69616727
hh.ru,Python Backend Developer (Django),ООО Ришат,,50000,,руб,https://sosnovoborsk.hh.ru/vacancy/69630337
hh.ru,Python-разработчик,Spectr,,110000,170000,руб,https://sosnovoborsk.hh.ru/vacancy/69626784
hh.ru,Python Developer,ООО ИЦ АЙ-ТЕКО,,,280000,руб,https://sosnovoborsk.hh.ru/vacancy/68660382
hh.ru,Python разработчик,ИП Чесноков Сергей Анатольевич,,30000,,руб,https://sosnovoborsk.hh.ru/vacancy/69502899
hh.ru,Разработчик Python,Printum,,,,,https://sosnovoborsk.hh.ru/vacancy/69732332
hh.ru,Python разработчик backend (удаленно),MindSet,,,,,https://sosnovoborsk.hh.ru/vacancy/69544729
hh.ru,"Python-разработчик (Django, DRF, удаленно)",PSG,,60000,150000,руб,https://sosnovoborsk.hh.ru/vacancy/69303993
hh.ru,Преподаватель онлайн-курсов Python&Scratch для детей (индивидуальные занятия),Алгоритмика,,,,,https://sosnovoborsk.hh.ru/vacancy/69861555
hh.ru,Преподаватель онлайн-курсов Python&Scratch для детей (индивидуальные занятия),Алгоритмика,,,,,https://sosnovoborsk.hh.ru/vacancy/69861557
hh.ru,Преподаватель онлайн-курсов Python&Scratch для детей (индивидуальные занятия),Алгоритмика,,,,,https://sosnovoborsk.hh.ru/vacancy/69861553
hh.ru,Старший инженер-программист C++ (Python/Bash),МФИ Софт,,,,,https://sosnovoborsk.hh.ru/vacancy/70051878
hh.ru,Преподаватель онлайн-курсов Python&Scratch для детей (индивидуальные занятия),Алгоритмика,,,,,https://sosnovoborsk.hh.ru/vacancy/69861551
hh.ru,Преподаватель онлайн-курсов Python&Scratch для детей (индивидуальные занятия),Алгоритмика,,,,,https://sosnovoborsk.hh.ru/vacancy/69861558
hh.ru,Преподаватель онлайн-курсов Python&Scratch для детей (индивидуальные занятия),Алгоритмика,,,,,https://sosnovoborsk.hh.ru/vacancy/69861556
hh.ru,"Backend Разработчик Golang, PHP / Python (mid+/senior), удаленно",Papabrand,,2500,,USD,https://sosnovoborsk.hh.ru/vacancy/69995823
hh.ru,Senior/Middle QA specialist (ручное / автотесты) Python,ProfiStaff,,200000,255000,руб,https://sosnovoborsk.hh.ru/vacancy/68800644
hh.ru,Senior Auto QA (Python),ООО Продамус,,,,,https://sosnovoborsk.hh.ru/vacancy/69728827
hh.ru,Senior QA Engineer (Python),Greenscreens.AI,,3000,,EUR,https://sosnovoborsk.hh.ru/vacancy/69721496
hh.ru,"Fullstack-разработчик (PHP, Python)",Garan Agency,,,100000,руб,https://sosnovoborsk.hh.ru/vacancy/69650906
hh.ru,QA Automation Tech Lead (Python),KITE,,,,,https://sosnovoborsk.hh.ru/vacancy/69524457
hh.ru,Senior Backend Developer (Python),ООО Коинлоан,,,,,https://sosnovoborsk.hh.ru/vacancy/69444519
hh.ru,Developer C++/Python,МойОфис,,,,,https://sosnovoborsk.hh.ru/vacancy/67380574
hh.ru,Программист Javascript (React) + Python,ИП Надеждина Татьяна Николаевна,,50000,,руб,https://sosnovoborsk.hh.ru/vacancy/69413171
hh.ru,Программист Javascript (React) + Python,ИП Надеждина Татьяна Николаевна,,50000,,руб,https://sosnovoborsk.hh.ru/vacancy/69413172
hh.ru,Программист Javascript (React) + Python,ИП Надеждина Татьяна Николаевна,,50000,,руб,https://sosnovoborsk.hh.ru/vacancy/69413168
hh.ru,Программист Javascript (React) + Python,ИП Надеждина Татьяна Николаевна,,50000,,руб,https://sosnovoborsk.hh.ru/vacancy/69413169
hh.ru,Программист Javascript (React) + Python,ИП Надеждина Татьяна Николаевна,,50000,,руб,https://sosnovoborsk.hh.ru/vacancy/69413170
hh.ru,Senior QA engineer Auto (Python or Kotlin),ООО Ибс Инфинисофт,,,,,https://sosnovoborsk.hh.ru/vacancy/69401550
hh.ru,Senior QA Automation engineer (Python),ПАО ТрансКонтейнер,,,,,https://sosnovoborsk.hh.ru/vacancy/55549932
hh.ru,Senior QA Automation (Python),ООО Аренадата Софтвер,,,,,https://sosnovoborsk.hh.ru/vacancy/68336555
superjob.ru,Senior Python Developer,Технопарк «Сколково»,Волгоград,,,,https://superjob.ru/vakansii/senior-python-developer-43768262.html
superjob.ru,Back-end разработчик (python) (в офисе),,Саратов,50000,,руб,https://superjob.ru/vakansii/back-end-razrabotchik-44698442.html
superjob.ru,"Педагог дополнительного образования (программирование scratch/python, робототехника lego)",ТЕХНОШКОЛА,Жуковский,18000,,руб,https://superjob.ru/vakansii/pedagog-dopolnitelnogo-obrazovaniya-44818691.html
superjob.ru,Педагог на направление Python,"МБУ ДО ""Центр детского (юношеского) технического творчества ""Меридиан""",Новокузнецк,20000,,руб,https://superjob.ru/vakansii/pedagog-na-napravlenie-python-43502923.html
superjob.ru,Разработчик Python,Ботобот,Москва,180000,,руб,https://superjob.ru/vakansii/razrabotchik-python-41696139.html
superjob.ru,"Специалист по обработке данных R, Python, SPSS",ФГБОУ ВО МГППУ,Москва,,,,https://superjob.ru/vakansii/specialist-po-obrabotke-dannyh-r-42635052.html
superjob.ru,Fullstack-разработчик Python/Vue.js,ТЕНДЕРХЕЛП,Дубна (Московская область),,80000,руб,https://superjob.ru/vakansii/fullstack-razrabotchik-python-44750769.html
superjob.ru,"Учитель информатики и робототехники, LEGO-конструирование, РОББО, Scratch, Python","ГБОУ ""Лицей №126"" Калининского района Санкт-Петербурга",Санкт-Петербург,,,,https://superjob.ru/vakansii/uchitel-informatiki-i-robototehniki-38641581.html
superjob.ru,Преподаватель по направлению Программирование Python,Иркутский колледж автомобильного транспорта и дорожного строительства,Иркутск,,,,https://superjob.ru/vakansii/prepodavatel-po-napravleniyu-programmirovanie-python-44631086.html
superjob.ru,Программист Python,"ФГБУ ""Научно-исследовательский центр космической гидрометеорологии ""Планета""",Москва,,,,https://superjob.ru/vakansii/programmist-python-44186748.html
superjob.ru,Middle-BackEnd-разработчик (Python),Технопарк «Сколково»,Москва,,,,https://superjob.ru/vakansii/middle-backend-razrabotchik-44673065.html
superjob.ru,Middle Python developer,Технопарк «Сколково»,Москва,,,,https://superjob.ru/vakansii/middle-python-developer-44735926.html
superjob.ru,Инженер-радиоэлектронщик 1 категории,Радиофизика,Москва,,,,https://superjob.ru/vakansii/inzhener-radioelektronschik-1-kategorii-43148990.html
superjob.ru,Специалист службы поддержки в Яндекс Поиск (с техническими знаниями),Яндекс,Пенза,15000,,руб,https://superjob.ru/vakansii/specialist-sluzhby-podderzhki-v-yandeks-poisk-44346671.html
superjob.ru,Администратор Bitrix,Смол маш,Смоленск,55000,75000,руб,https://superjob.ru/vakansii/administrator-bitrix-44516131.html
superjob.ru,Специалист МСФО,Корпорация ВСМПО-АВИСМА,Екатеринбург,,,,https://superjob.ru/vakansii/specialist-msfo-44684601.html
superjob.ru,Ведущий сетевой администратор (гор. Ялта),,Краснодар,,,,https://superjob.ru/vakansii/veduschij-setevoj-administrator-44645268.html
superjob.ru,Системный аналитик,Группа Гута,Москва,,,,https://superjob.ru/vakansii/sistemnyj-analitik-44181976.html
superjob.ru,DevOps Engineer,"КуулКлевер (МясновЪ, Отдохни)",Нижний Новгород,,,,https://superjob.ru/vakansii/devops-engineer-42890350.html
superjob.ru,Аналитик данных,Сбербанк России,Москва,,,,https://superjob.ru/vakansii/analitik-dannyh-44488229.html
superjob.ru,Главный специалист информационной безопасности (endpoint security),,Москва,,,,https://superjob.ru/vakansii/glavnyj-specialist-informacionnoj-bezopasnosti-44749828.html
superjob.ru,Программист MS Dynamics AX (Axapta),Национальная транспортная ассоциация,Санкт-Петербург,120000,150000,руб,https://superjob.ru/vakansii/programmist-ms-dynamics-ax-40488589.html
superjob.ru,Программист,Иркутская областная клиническая туберкулезная больница,Иркутск,,,,https://superjob.ru/vakansii/programmist-30913844.html
superjob.ru,Программист C/C++,Синтелс,Москва,,,,https://superjob.ru/vakansii/programmist-c-44556906.html
superjob.ru,Куратор IT-Полигона,ГБОУ Курчатовская школа,Москва,80000,,руб,https://superjob.ru/vakansii/kurator-it-poligona-39024465.html
superjob.ru,PHP developer (strong middle),Смартер,Нижний Новгород,,,,https://superjob.ru/vakansii/php-developer-44568263.html
superjob.ru,Системный архитектор (информационная безопасность),ICL Services,Казань,,,,https://superjob.ru/vakansii/sistemnyj-arhitektor-44759980.html
superjob.ru,Доцент / Профессор,Тюменский индустриальный университет,Тюмень,,,,https://superjob.ru/vakansii/docent-34389482.html
superjob.ru,"Инженер, техник",ФГУП ВНИИФТРИ,Менделеево,35000,,руб,https://superjob.ru/vakansii/inzhener-42940168.html
superjob.ru,Инженер / Ведущий инженер,"ФАУ ""ЦИАМ им. П. И. Баранова""",Москва,,,,https://superjob.ru/vakansii/inzhener-42700982.html
superjob.ru,Учитель информатики,ГБОУ СОШ № 1621 ЦАО города Москвы,Москва,,,,https://superjob.ru/vakansii/uchitel-informatiki-32935080.html
superjob.ru,Преподаватель по дисциплине Поддержка и тестирование программных модулей,ФГБОУ ВО МГТУ им. Н. Э. Баумана - Московский техникум космического приборостроения,Москва,,,,https://superjob.ru/vakansii/prepodavatel-po-discipline-podderzhka-i-testirovanie-programmnyh-modulej-43658866.html
superjob.ru,Специалист по работе с базой данных,МИ ФНС России по ЦОД N2,Москва,35000,,руб,https://superjob.ru/vakansii/specialist-po-rabote-s-bazoj-dannyh-31061879.html
superjob.ru,Specialist DevOps,ALP GROUP,Санкт-Петербург,,280000,руб,https://superjob.ru/vakansii/specialist-devops-40719996.html
superjob.ru,Инженер-программист,УГИБДД УМВД России по Астраханской области,Астрахань,,,,https://superjob.ru/vakansii/inzhener-programmist-43503556.html
superjob.ru,Специалист по информационным системам,СПб ГБУЗ Городская больница № 26,Санкт-Петербург,70000,,руб,https://superjob.ru/vakansii/specialist-po-informacionnym-sistemam-36146717.html
superjob.ru,Менеджер проектов / Data Engineer,Мегаполис,Москва,,,,https://superjob.ru/vakansii/menedzher-proektov-44373196.html
superjob.ru,ML инженер (computer vision и machine learning),Южный федеральный университет,Ростов-на-Дону,55000,,руб,https://superjob.ru/vakansii/ml-inzhener-44342838.html
superjob.ru,Преподаватель по профессии Оператор ЭВМ,ГБПОУ Технологический колледж №34,Москва,,,,https://superjob.ru/vakansii/prepodavatel-po-professii-operator-evm-44736086.html
superjob.ru,Педагог дополнительного образования (центр цифрового обучения IT-куб),ГБОУ СОШ №619 Калининского района Санкт-Петербурга,Санкт-Петербург,,,,https://superjob.ru/vakansii/pedagog-dopolnitelnogo-obrazovaniya-33595426.html
superjob.ru,Специалист по информационному обеспечению,Корпорация ВСМПО-АВИСМА,Екатеринбург,,,,https://superjob.ru/vakansii/specialist-po-informacionnomu-obespecheniyu-44684239.html
superjob.ru,Океанолог-гидрометеоролог,Технопарк «Сколково»,Москва,,,,https://superjob.ru/vakansii/okeanolog-gidrometeorolog-44095382.html
superjob.ru,Специалист службы поддержки,Яндекс,Альметьевск,15000,,руб,https://superjob.ru/vakansii/specialist-sluzhby-podderzhki-44347820.html
superjob.ru,DevOps Engineer,Синтелс,Москва,,,,https://superjob.ru/vakansii/devops-engineer-44556056.html
superjob.ru,Аналитик психологической службы,ФГБОУ ВО МГППУ,Москва,,,,https://superjob.ru/vakansii/analitik-psihologicheskoj-sluzhby-41239401.html
superjob.ru,Инженер,"ФАУ ""ЦИАМ им. П. И. Баранова""",Москва,,,,https://superjob.ru/vakansii/inzhener-43001418.html
superjob.ru,Системный администратор,ЭКО центр,Москва,,,,https://superjob.ru/vakansii/sistemnyj-administrator-38671598.html
superjob.ru,Инженер по оптоэлектронике,ФГУП ВНИИФТРИ,Менделеево,50000,,руб,https://superjob.ru/vakansii/inzhener-po-optoelektronike-42990019.html
superjob.ru,Аналитик,СП ТОРГ,Москва,150000,,руб,https://superjob.ru/vakansii/analitik-44548486.html
superjob.ru,Системный администратор,Филиал ФКУ Налог-Сервис ФНС России по ЦОД в г.Москве,Волгоград,25000,,руб,https://superjob.ru/vakansii/sistemnyj-administrator-44548608.html
superjob.ru,Специалист 1 разряда отдела мониторинга функционирования АИС ФНС России,МИ ФНС России по ЦОД,Москва,45000,,руб,https://superjob.ru/vakansii/specialist-1-razryada-otdela-monitoringa-funkcionirovaniya-ais-fns-rossii-38482723.html
superjob.ru,Программист-разработчик,,Волгоград,50000,,руб,https://superjob.ru/vakansii/programmist-razrabotchik-32041070.html
superjob.ru,Инженер Программист,"ФГБУ ""Научно-исследовательский центр космической гидрометеорологии ""Планета""",Москва,,,,https://superjob.ru/vakansii/inzhener-programmist-43147987.html
superjob.ru,Разработчик 1С,ТС Командор,Иркутск,,110000,руб,https://superjob.ru/vakansii/razrabotchik-1s-44611122.html
superjob.ru,"Программист, наставник-тьютор",Алиев Руслан Чингизович (Jobers),Коммунарка,85000,,руб,https://superjob.ru/vakansii/programmist-44718421.html
superjob.ru,Преподаватель,Султанов Илхом Абдукахарович,Сургут,,70000,руб,https://superjob.ru/vakansii/prepodavatel-44603518.html
superjob.ru,Разработчик БД,Ладога Дистрибьюшен,Санкт-Петербург,,130000,руб,https://superjob.ru/vakansii/razrabotchik-bd-42492143.html
superjob.ru,Middle/Senior QA Automation Engineer,Технопарк «Сколково»,Москва,,,,https://superjob.ru/vakansii/middle-43470739.html
superjob.ru,Инженер,Технопарк «Сколково»,Екатеринбург,,,,https://superjob.ru/vakansii/inzhener-44581966.html
superjob.ru,Web Developer,Технопарк «Сколково»,Москва,,,,https://superjob.ru/vakansii/web-developer-43582301.html
superjob.ru,Backend Developer,Технопарк «Сколково»,Москва,,,,https://superjob.ru/vakansii/backend-developer-43582299.html
superjob.ru,SRE-инженер,Технопарк «Сколково»,Москва,,,,https://superjob.ru/vakansii/sre-inzhener-44687398.html
superjob.ru,Research Developer,Технопарк «Сколково»,Новосибирск,,,,https://superjob.ru/vakansii/research-developer-43582228.html
superjob.ru,Специалист службы поддержки (с техническими знаниями),Яндекс,Ханты-Мансийск,15000,,руб,https://superjob.ru/vakansii/specialist-sluzhby-podderzhki-37985817.html
superjob.ru,Data-scientist,Friendwork,Москва,,,,https://superjob.ru/vakansii/data-scientist-44814788.html
superjob.ru,"Архитектор по кибербезопасности, инженер",Технопарк «Сколково»,Москва,,,,https://superjob.ru/vakansii/arhitektor-po-kiberbezopasnosti-44250950.html
superjob.ru,Старший архитектор облачных решений,Технопарк «Сколково»,Москва,,,,https://superjob.ru/vakansii/starshij-arhitektor-oblachnyh-reshenij-44250949.html
superjob.ru,Системный инженер (DevOps),Технопарк «Сколково»,Москва,,,,https://superjob.ru/vakansii/sistemnyj-inzhener-44172046.html
superjob.ru,Разработчик Phyton,Технопарк «Сколково»,Москва,,,,https://superjob.ru/vakansii/razrabotchik-phyton-44199688.html
superjob.ru,Machine Learning Engineer,Технопарк «Сколково»,Тюмень,,200000,руб,https://superjob.ru/vakansii/machine-learning-engineer-43878408.html
superjob.ru,DevOps / MLOps Engineer,Технопарк «Сколково»,Тюмень,200000,240000,руб,https://superjob.ru/vakansii/devops-43878412.html
superjob.ru,Middle разработчик (frontend),Технопарк «Сколково»,Москва,,250000,руб,https://superjob.ru/vakansii/middle-razrabotchik-43320754.html
superjob.ru,DevOps-инженер,Технопарк «Сколково»,Москва,,,,https://superjob.ru/vakansii/devops-inzhener-44233685.html
superjob.ru,Инженер отдела поддержки проектов (DevOps инженер),Технопарк «Сколково»,Москва,,,,https://superjob.ru/vakansii/inzhener-otdela-podderzhki-proektov-44557602.html
superjob.ru,NetOps инженер,Технопарк «Сколково»,Москва,,,,https://superjob.ru/vakansii/netops-inzhener-44229936.html
superjob.ru,Инженер-схемотехник,ФГУП ВНИИФТРИ,Менделеево,60000,,руб,https://superjob.ru/vakansii/inzhener-shemotehnik-38000105.html
superjob.ru,Техник (дозиметрия),ФГУП ВНИИФТРИ,Менделеево,35000,,руб,https://superjob.ru/vakansii/tehnik-41889237.html
superjob.ru,Java-программист,Филиал ФКУ Налог-Сервис ФНС России по ЦОД в г.Москве,Волгоград,,,,https://superjob.ru/vakansii/java-programmist-44548423.html
superjob.ru,"Инженер (инженеры 1 категории, 2 категории)",ФГУП ВНИИФТРИ,Менделеево,60000,,руб,https://superjob.ru/vakansii/inzhener-41889027.html
superjob.ru,Заместитель руководителя направления DevOps,Технопарк «Сколково»,Москва,,,,https://superjob.ru/vakansii/zamestitel-rukovoditelya-napravleniya-devops-44544527.html
superjob.ru,Инженер-программист встраиваемых систем,Технопарк «Сколково»,Москва,,,,https://superjob.ru/vakansii/inzhener-programmist-vstraivaemyh-sistem-44718631.html
superjob.ru,Дата-аналитик,Технопарк «Сколково»,Москва,,,,https://superjob.ru/vakansii/data-analitik-44280581.html
